,ts,seconds
0,1551685815,275
1,1551686207,14
2,1551686461,21
3,1551697913,170
4,1551698199,12
5,1551698725,27
6,1551708495,90
7,1551708622,17
8,1551727192,250
9,1551735861,148
10,1551770304,229
11,1551772148,66
12,1551788044,146
13,1551790805,90
14,1551813197,80
15,1551826139,101
16,1551826325,10
17,1551859594,334
18,1551871537,177
19,1551890242,176
20,1551910774,150
21,1551946026,318
22,1551946984,36
23,1551949920,97
24,1551960172,175
25,1551967101,119
26,1551974779,109
27,1551984822,95
28,1551998799,118
29,1552028598,278
30,1552031259,84
31,1552037250,131
32,1552053000,155
33,1552053677,27
34,1552060099,97
35,1552071192,108
36,1552083198,90
37,1552088795,76
38,1552119911,317
39,1552120989,44
40,1552136946,205
41,1552150687,145
42,1552158629,104
43,1552172821,95
44,1552173279,22
45,1552204492,316
46,1552220532,213
47,1552221731,44
48,1552227136,104
49,1552246207,114
50,1552258970,89
51,1552290286,300
52,1552291029,33
53,1552291689,40
54,1552300711,157
55,1552307290,120
56,1552307503,11
57,1552322166,94
58,1552322369,12
59,1552327432,281
60,1552331462,103
61,1552332478,35
62,1552333456,36
63,1552347675,118
64,1552376329,339
65,1552388421,198
66,1552388789,16
67,1552404024,37
68,1552404838,166
69,1552421229,120
70,1552432648,95
71,1552433264,27
72,1552464013,311
73,1552465147,46
74,1552486520,199
75,1552520455,208
76,1552549096,275
77,1552550226,44
78,1552559491,147
79,1552559715,11
80,1552567698,109
81,1552581444,94
82,1552582143,29
83,1552590595,72
84,1552593016,49
85,1552593150,10
86,1552602383,174
87,1552602725,16
88,1552635933,301
89,1552636372,14
90,1552647518,173
91,1552666325,199
92,1552692826,145
93,1552723155,298
94,1552742221,195
95,1552777110,126
96,1552777401,15
97,1552810083,227
98,1552810364,10
99,1552826141,146
100,1552826717,23
101,1552830195,62
102,1552830460,15
103,1552850361,176
104,1552859462,121
105,1552859670,11
106,1552895368,257
107,1552906638,156
108,1552907665,38
109,1552923090,103
110,1552923309,13
111,1552936535,196
112,1552949105,135
113,1552949485,18
114,1552999771,78
115,1553009049,113
116,1553011324,225
117,1553015785,95
118,1553017501,258
119,1553020304,90
120,1553027949,239
121,1553035217,154
122,1553066665,306
123,1553084787,179
124,1553098644,149
125,1553121950,128
126,1553122255,15
127,1553176177,121
128,1553186418,89
129,1553187687,25
130,1553187749,183
131,1553188737,36
132,1553196540,142
133,1553208939,114
134,1553237313,203
135,1553237756,20
136,1553240131,72
137,1553240636,25
138,1553251163,107
139,1553251696,25
140,1553272567,99
141,1553289178,98
142,1553289998,119
143,1553296142,67
144,1553296441,16
145,1553296583,10
146,1553325374,176
147,1553326005,28
148,1553329286,70
149,1553330659,268
150,1553331162,21
151,1553332929,69
152,1553343051,139
153,1553343616,22
154,1553365851,74
155,1553366504,26
156,1553373372,183
157,1553381317,73
158,1553409306,170
159,1553409708,19
160,1553412796,74
161,1553413454,334
162,1553415074,62
163,1553415667,36
164,1553430361,195
165,1553444203,142
166,1553445196,40
167,1553446002,35
168,1553456593,92
169,1553467804,170
170,1553468302,23
171,1553501065,272
172,1553502165,44
173,1553512260,150
174,1553540044,99
175,1553550916,160
176,1553587872,292
177,1553588712,35
178,1553599018,168
179,1553599447,19
180,1553606831,162
181,1553612719,57
182,1553612859,28
183,1553614747,167
184,1553615507,32
185,1553629590,117
186,1553631278,53
187,1553640450,89
188,1553671464,310
189,1553692350,208
190,1553708168,170
191,1553719989,119
192,1553720288,55
193,1553726189,170
194,1553726633,20
195,1553757093,310
196,1553769227,185
197,1553769843,33
198,1553778603,126
199,1553795668,109
200,1553796098,21
201,1553814121,156
202,1553844321,299
203,1553857658,190
204,1553866962,131
205,1553887654,131
206,1553900172,104
207,1553932470,294
208,1553946056,182
209,1553946364,14
210,1553948694,74
211,1553951870,68
212,1553965699,189
213,1553977961,106
214,1553987637,149
215,1554017738,276
216,1554018428,30
217,1554031257,174
218,1554033988,74
219,1554036309,60
220,1554066718,95
221,1554069307,58
